{
  "benchmark_metadata": {
    "timestamp": 1750882929.5243123,
    "test_queries": [
      "What makes John Wick movies popular?",
      "How does action choreography work?"
    ],
    "runs_per_method": 6
  },
  "tools_performance": {
    "naive_retriever": {
      "avg_latency_ms": 1999.2840946670185,
      "p95_latency_ms": 9587.273773948618,
      "min_latency_ms": 15.141989002586342,
      "max_latency_ms": 7540.658993999386,
      "cache_hit_rate": 0.6666666666666666,
      "total_requests": 6,
      "approach": "tool"
    },
    "bm25_retriever": {
      "avg_latency_ms": 644.4443296671428,
      "p95_latency_ms": 2818.282631801958,
      "min_latency_ms": 15.701344000262907,
      "max_latency_ms": 2298.9847540011397,
      "cache_hit_rate": 0.6666666666666666,
      "total_requests": 6,
      "approach": "tool"
    },
    "semantic_retriever": {
      "avg_latency_ms": 2163.6718923327862,
      "p95_latency_ms": 9586.9198557466,
      "min_latency_ms": 15.653555001335917,
      "max_latency_ms": 7816.814170997532,
      "cache_hit_rate": 0.6666666666666666,
      "total_requests": 6,
      "approach": "tool"
    },
    "ensemble_retriever": {
      "avg_latency_ms": 4212.643864333586,
      "p95_latency_ms": 18379.842719351836,
      "min_latency_ms": 14.218000000255415,
      "max_latency_ms": 15117.42469100136,
      "cache_hit_rate": 0.6666666666666666,
      "total_requests": 6,
      "approach": "tool"
    }
  },
  "resources_performance": {
    "naive_retriever": {
      "avg_latency_ms": 7379.361231166816,
      "p95_latency_ms": 11327.25202069978,
      "min_latency_ms": 5018.765734999761,
      "max_latency_ms": 10072.567811999761,
      "cache_hit_rate": 0.0,
      "total_requests": 6,
      "approach": "resource"
    },
    "bm25_retriever": {
      "avg_latency_ms": 792.0309456664351,
      "p95_latency_ms": 3451.3762745458735,
      "min_latency_ms": 26.63984099854133,
      "max_latency_ms": 2812.3257019979064,
      "cache_hit_rate": 0.6666666666666666,
      "total_requests": 6,
      "approach": "resource"
    },
    "semantic_retriever": {
      "avg_latency_ms": 6507.293666500725,
      "p95_latency_ms": 16642.22652435037,
      "min_latency_ms": 3771.011573000578,
      "max_latency_ms": 13209.059385000728,
      "cache_hit_rate": 0.16666666666666666,
      "total_requests": 6,
      "approach": "resource"
    },
    "ensemble_retriever": {
      "avg_latency_ms": 10118.251436000113,
      "p95_latency_ms": 16144.382197548839,
      "min_latency_ms": 6100.40647400092,
      "max_latency_ms": 14153.672055999778,
      "cache_hit_rate": 0.0,
      "total_requests": 6,
      "approach": "resource"
    }
  },
  "caching_analysis": {
    "tools_cache_performance": {
      "naive_retriever": 0.6666666666666666,
      "bm25_retriever": 0.6666666666666666,
      "semantic_retriever": 0.6666666666666666,
      "ensemble_retriever": 0.6666666666666666
    },
    "resources_cache_performance": {
      "naive_retriever": 0.0,
      "bm25_retriever": 0.6666666666666666,
      "semantic_retriever": 0.16666666666666666,
      "ensemble_retriever": 0.0
    },
    "cache_advantage": {
      "naive_retriever": {
        "resource_advantage": -0.6666666666666666,
        "improvement_factor": 0.0
      },
      "bm25_retriever": {
        "resource_advantage": 0.0,
        "improvement_factor": 1.0
      },
      "semantic_retriever": {
        "resource_advantage": -0.5,
        "improvement_factor": 0.25
      },
      "ensemble_retriever": {
        "resource_advantage": -0.6666666666666666,
        "improvement_factor": 0.0
      }
    }
  },
  "transport_comparison": {
    "latency_comparison": {
      "naive_retriever": {
        "tool_latency_ms": 1999.2840946670185,
        "resource_latency_ms": 7379.361231166816,
        "latency_improvement": -5380.077136499797,
        "improvement_percentage": -269.100181952673
      },
      "bm25_retriever": {
        "tool_latency_ms": 644.4443296671428,
        "resource_latency_ms": 792.0309456664351,
        "latency_improvement": -147.58661599929223,
        "improvement_percentage": -22.901375526963065
      },
      "semantic_retriever": {
        "tool_latency_ms": 2163.6718923327862,
        "resource_latency_ms": 6507.293666500725,
        "latency_improvement": -4343.621774167938,
        "improvement_percentage": -200.7523316987224
      },
      "ensemble_retriever": {
        "tool_latency_ms": 4212.643864333586,
        "resource_latency_ms": 10118.251436000113,
        "latency_improvement": -5905.607571666527,
        "improvement_percentage": -140.18767695191244
      }
    },
    "scalability_metrics": {},
    "edge_readiness": {
      "naive_retriever": {
        "tool_edge_score": 40.0,
        "resource_edge_score": 30.0,
        "edge_advantage": -10.0
      },
      "bm25_retriever": {
        "tool_edge_score": 40.0,
        "resource_edge_score": 50.0,
        "edge_advantage": 10.0
      },
      "semantic_retriever": {
        "tool_edge_score": 40.0,
        "resource_edge_score": 35.0,
        "edge_advantage": -5.0
      },
      "ensemble_retriever": {
        "tool_edge_score": 40.0,
        "resource_edge_score": 30.0,
        "edge_advantage": -10.0
      }
    }
  },
  "summary": {
    "performance_winner": {
      "naive_retriever": {
        "winner": "tool",
        "improvement_ms": 5380.077136499797,
        "improvement_percentage": 72.90708461020962
      },
      "bm25_retriever": {
        "winner": "tool",
        "improvement_ms": 147.58661599929223,
        "improvement_percentage": 18.633945656644652
      },
      "semantic_retriever": {
        "winner": "tool",
        "improvement_ms": 4343.621774167938,
        "improvement_percentage": 66.75004997129177
      },
      "ensemble_retriever": {
        "winner": "tool",
        "improvement_ms": 5905.607571666527,
        "improvement_percentage": 58.36589067805471
      }
    },
    "key_insights": [
      "Resources show 54.2% average latency improvement",
      "URI-based caching enables better edge deployment",
      "Semantic correctness aligns with performance optimization",
      "Resources are more suitable for CDN caching strategies"
    ],
    "recommendations": [
      "Migrate all retrieval operations to Resources",
      "Preserve indexing/mutation operations as Tools",
      "Implement URI-based caching for Resources",
      "Consider edge deployment for Resource endpoints",
      "Use Resources for LLM context loading patterns"
    ]
  }
}